batch_id,variant_id,original_stl_filename,imported_stl_path,json_metadata_path,solver_mode,rpm,Vinf_mph,Vinf_mps,Tinf_K,pinf_Pa,thrust_N_mean,thrust_N_std,shaft_torque_Nm_mean,shaft_torque_Nm_std,power_W_mean,eta_mean,advance_ratio_J,CT,CQ,CP,freestream_Mach,tip_speed_mps,helical_tip_Mach,force_sample_count,averaging_method,runtime_seconds,solver_status,geometry_sanity_status,warning_flags,case_path,log_path
20260527_224229_bca724,baseline_pitch_8p5_chord_0p4_0p6_0p25,baseline_pitch_8p5_chord_0p4_0p6_0p25.stl,/home/erimozcan/OpenFOAM/erim-13/run/WFD_OpenFOAM/imported_exports/20260527_224229_bca724/raw/exports/baseline_pitch_8p5_chord_0p4_0p6_0p25.stl,/home/erimozcan/OpenFOAM/erim-13/run/WFD_OpenFOAM/imported_exports/20260527_224229_bca724/raw/exports/baseline_pitch_8p5_chord_0p4_0p6_0p25.json,compressible_forward_mrf,10000.0,300.0,134.112,288.15,101325.0,,,,,,,5.28,,,,0.3941425853542828,79.79645340118076,0.4586342003733217,0,last_100_force_samples,0.0,failed,Warning,"CASE_STL_NOT_FOUND,POSSIBLE_UNIT_SCALE_ERROR,SOLVER_FATAL,STL_OFFSET_FROM_AXIS,STL_TOO_LARGE",/home/erimozcan/OpenFOAM/erim-13/run/WFD_OpenFOAM/cases/overnight_20260527_224229_bca724/baseline_pitch_8p5_chord_0p4_0p6_0p25,/home/erimozcan/OpenFOAM/erim-13/run/WFD_OpenFOAM/cases/overnight_20260527_224229_bca724/baseline_pitch_8p5_chord_0p4_0p6_0p25/log.rhoPimpleFoam
20260527_224229_bca724,pitch_10p0_slim_chord,pitch_10p0_slim_chord.stl,/home/erimozcan/OpenFOAM/erim-13/run/WFD_OpenFOAM/imported_exports/20260527_224229_bca724/raw/exports/pitch_10p0_slim_chord.stl,/home/erimozcan/OpenFOAM/erim-13/run/WFD_OpenFOAM/imported_exports/20260527_224229_bca724/raw/exports/pitch_10p0_slim_chord.json,compressible_forward_mrf,10000.0,300.0,134.112,288.15,101325.0,,,,,,,5.28,,,,0.3941425853542828,79.79645340118076,0.4586342003733217,0,last_100_force_samples,0.0,failed,Warning,"CASE_STL_NOT_FOUND,POSSIBLE_UNIT_SCALE_ERROR,SOLVER_FATAL,STL_OFFSET_FROM_AXIS,STL_TOO_LARGE",/home/erimozcan/OpenFOAM/erim-13/run/WFD_OpenFOAM/cases/overnight_20260527_224229_bca724/pitch_10p0_slim_chord,/home/erimozcan/OpenFOAM/erim-13/run/WFD_OpenFOAM/cases/overnight_20260527_224229_bca724/pitch_10p0_slim_chord/log.rhoPimpleFoam
20260527_224229_bca724,pitch_7p5_baseline_chord,pitch_7p5_baseline_chord.stl,/home/erimozcan/OpenFOAM/erim-13/run/WFD_OpenFOAM/imported_exports/20260527_224229_bca724/raw/exports/pitch_7p5_baseline_chord.stl,/home/erimozcan/OpenFOAM/erim-13/run/WFD_OpenFOAM/imported_exports/20260527_224229_bca724/raw/exports/pitch_7p5_baseline_chord.json,compressible_forward_mrf,10000.0,300.0,134.112,288.15,101325.0,,,,,,,5.28,,,,0.3941425853542828,79.79645340118076,0.4586342003733217,0,last_100_force_samples,0.0,failed,Warning,"CASE_STL_NOT_FOUND,POSSIBLE_UNIT_SCALE_ERROR,SOLVER_FATAL,STL_OFFSET_FROM_AXIS,STL_TOO_LARGE",/home/erimozcan/OpenFOAM/erim-13/run/WFD_OpenFOAM/cases/overnight_20260527_224229_bca724/pitch_7p5_baseline_chord,/home/erimozcan/OpenFOAM/erim-13/run/WFD_OpenFOAM/cases/overnight_20260527_224229_bca724/pitch_7p5_baseline_chord/log.rhoPimpleFoam
20260527_224229_bca724,pitch_8p0_baseline_chord,pitch_8p0_baseline_chord.stl,/home/erimozcan/OpenFOAM/erim-13/run/WFD_OpenFOAM/imported_exports/20260527_224229_bca724/raw/exports/pitch_8p0_baseline_chord.stl,/home/erimozcan/OpenFOAM/erim-13/run/WFD_OpenFOAM/imported_exports/20260527_224229_bca724/raw/exports/pitch_8p0_baseline_chord.json,compressible_forward_mrf,10000.0,300.0,134.112,288.15,101325.0,,,,,,,5.28,,,,0.3941425853542828,79.79645340118076,0.4586342003733217,0,last_100_force_samples,0.0,failed,Warning,"CASE_STL_NOT_FOUND,POSSIBLE_UNIT_SCALE_ERROR,SOLVER_FATAL,STL_OFFSET_FROM_AXIS,STL_TOO_LARGE",/home/erimozcan/OpenFOAM/erim-13/run/WFD_OpenFOAM/cases/overnight_20260527_224229_bca724/pitch_8p0_baseline_chord,/home/erimozcan/OpenFOAM/erim-13/run/WFD_OpenFOAM/cases/overnight_20260527_224229_bca724/pitch_8p0_baseline_chord/log.rhoPimpleFoam
20260527_224229_bca724,pitch_8p5_slim_chord,pitch_8p5_slim_chord.stl,/home/erimozcan/OpenFOAM/erim-13/run/WFD_OpenFOAM/imported_exports/20260527_224229_bca724/raw/exports/pitch_8p5_slim_chord.stl,/home/erimozcan/OpenFOAM/erim-13/run/WFD_OpenFOAM/imported_exports/20260527_224229_bca724/raw/exports/pitch_8p5_slim_chord.json,compressible_forward_mrf,10000.0,300.0,134.112,288.15,101325.0,,,,,,,5.28,,,,0.3941425853542828,79.79645340118076,0.4586342003733217,0,last_100_force_samples,0.0,failed,Warning,"CASE_STL_NOT_FOUND,POSSIBLE_UNIT_SCALE_ERROR,SOLVER_FATAL,STL_OFFSET_FROM_AXIS,STL_TOO_LARGE",/home/erimozcan/OpenFOAM/erim-13/run/WFD_OpenFOAM/cases/overnight_20260527_224229_bca724/pitch_8p5_slim_chord,/home/erimozcan/OpenFOAM/erim-13/run/WFD_OpenFOAM/cases/overnight_20260527_224229_bca724/pitch_8p5_slim_chord/log.rhoPimpleFoam
20260527_224229_bca724,pitch_8p5_wider_chord,pitch_8p5_wider_chord.stl,/home/erimozcan/OpenFOAM/erim-13/run/WFD_OpenFOAM/imported_exports/20260527_224229_bca724/raw/exports/pitch_8p5_wider_chord.stl,/home/erimozcan/OpenFOAM/erim-13/run/WFD_OpenFOAM/imported_exports/20260527_224229_bca724/raw/exports/pitch_8p5_wider_chord.json,compressible_forward_mrf,10000.0,300.0,134.112,288.15,101325.0,,,,,,,5.28,,,,0.3941425853542828,79.79645340118076,0.4586342003733217,0,last_100_force_samples,0.0,failed,Warning,"CASE_STL_NOT_FOUND,POSSIBLE_UNIT_SCALE_ERROR,SOLVER_FATAL,STL_OFFSET_FROM_AXIS,STL_TOO_LARGE",/home/erimozcan/OpenFOAM/erim-13/run/WFD_OpenFOAM/cases/overnight_20260527_224229_bca724/pitch_8p5_wider_chord,/home/erimozcan/OpenFOAM/erim-13/run/WFD_OpenFOAM/cases/overnight_20260527_224229_bca724/pitch_8p5_wider_chord/log.rhoPimpleFoam
20260527_224229_bca724,pitch_9p0_baseline_chord,pitch_9p0_baseline_chord.stl,/home/erimozcan/OpenFOAM/erim-13/run/WFD_OpenFOAM/imported_exports/20260527_224229_bca724/raw/exports/pitch_9p0_baseline_chord.stl,/home/erimozcan/OpenFOAM/erim-13/run/WFD_OpenFOAM/imported_exports/20260527_224229_bca724/raw/exports/pitch_9p0_baseline_chord.json,compressible_forward_mrf,10000.0,300.0,134.112,288.15,101325.0,,,,,,,5.28,,,,0.3941425853542828,79.79645340118076,0.4586342003733217,0,last_100_force_samples,0.0,failed,Warning,"CASE_STL_NOT_FOUND,POSSIBLE_UNIT_SCALE_ERROR,SOLVER_FATAL,STL_OFFSET_FROM_AXIS,STL_TOO_LARGE",/home/erimozcan/OpenFOAM/erim-13/run/WFD_OpenFOAM/cases/overnight_20260527_224229_bca724/pitch_9p0_baseline_chord,/home/erimozcan/OpenFOAM/erim-13/run/WFD_OpenFOAM/cases/overnight_20260527_224229_bca724/pitch_9p0_baseline_chord/log.rhoPimpleFoam
20260527_224229_bca724,pitch_9p0_slim_chord,pitch_9p0_slim_chord.stl,/home/erimozcan/OpenFOAM/erim-13/run/WFD_OpenFOAM/imported_exports/20260527_224229_bca724/raw/exports/pitch_9p0_slim_chord.stl,/home/erimozcan/OpenFOAM/erim-13/run/WFD_OpenFOAM/imported_exports/20260527_224229_bca724/raw/exports/pitch_9p0_slim_chord.json,compressible_forward_mrf,10000.0,300.0,134.112,288.15,101325.0,,,,,,,5.28,,,,0.3941425853542828,79.79645340118076,0.4586342003733217,0,last_100_force_samples,0.0,failed,Warning,"CASE_STL_NOT_FOUND,POSSIBLE_UNIT_SCALE_ERROR,SOLVER_FATAL,STL_OFFSET_FROM_AXIS,STL_TOO_LARGE",/home/erimozcan/OpenFOAM/erim-13/run/WFD_OpenFOAM/cases/overnight_20260527_224229_bca724/pitch_9p0_slim_chord,/home/erimozcan/OpenFOAM/erim-13/run/WFD_OpenFOAM/cases/overnight_20260527_224229_bca724/pitch_9p0_slim_chord/log.rhoPimpleFoam
20260527_224229_bca724,pitch_9p0_wider_chord,pitch_9p0_wider_chord.stl,/home/erimozcan/OpenFOAM/erim-13/run/WFD_OpenFOAM/imported_exports/20260527_224229_bca724/raw/exports/pitch_9p0_wider_chord.stl,/home/erimozcan/OpenFOAM/erim-13/run/WFD_OpenFOAM/imported_exports/20260527_224229_bca724/raw/exports/pitch_9p0_wider_chord.json,compressible_forward_mrf,10000.0,300.0,134.112,288.15,101325.0,,,,,,,5.28,,,,0.3941425853542828,79.79645340118076,0.4586342003733217,0,last_100_force_samples,0.0,failed,Warning,"CASE_STL_NOT_FOUND,POSSIBLE_UNIT_SCALE_ERROR,SOLVER_FATAL,STL_OFFSET_FROM_AXIS,STL_TOO_LARGE",/home/erimozcan/OpenFOAM/erim-13/run/WFD_OpenFOAM/cases/overnight_20260527_224229_bca724/pitch_9p0_wider_chord,/home/erimozcan/OpenFOAM/erim-13/run/WFD_OpenFOAM/cases/overnight_20260527_224229_bca724/pitch_9p0_wider_chord/log.rhoPimpleFoam
