batch_id,variant_id,original_stl_filename,imported_stl_path,json_metadata_path,rpm,Vinf_mph,Vinf_mps,Tinf_K,pinf_Pa,solver_mode,geometry_sanity_status,warning_flags
20260527_221600_945b79,baseline_pitch_8p5_chord_0p4_0p6_0p25,baseline_pitch_8p5_chord_0p4_0p6_0p25.stl,/home/erimozcan/OpenFOAM/erim-13/run/WFD_OpenFOAM/imported_exports/20260527_221600_945b79/raw/exports/baseline_pitch_8p5_chord_0p4_0p6_0p25.stl,/home/erimozcan/OpenFOAM/erim-13/run/WFD_OpenFOAM/imported_exports/20260527_221600_945b79/raw/exports/baseline_pitch_8p5_chord_0p4_0p6_0p25.json,,,,,,compressible_forward_mrf,Not checked,
20260527_221600_945b79,pitch_10p0_slim_chord,pitch_10p0_slim_chord.stl,/home/erimozcan/OpenFOAM/erim-13/run/WFD_OpenFOAM/imported_exports/20260527_221600_945b79/raw/exports/pitch_10p0_slim_chord.stl,/home/erimozcan/OpenFOAM/erim-13/run/WFD_OpenFOAM/imported_exports/20260527_221600_945b79/raw/exports/pitch_10p0_slim_chord.json,,,,,,compressible_forward_mrf,Not checked,
20260527_221600_945b79,pitch_7p5_baseline_chord,pitch_7p5_baseline_chord.stl,/home/erimozcan/OpenFOAM/erim-13/run/WFD_OpenFOAM/imported_exports/20260527_221600_945b79/raw/exports/pitch_7p5_baseline_chord.stl,/home/erimozcan/OpenFOAM/erim-13/run/WFD_OpenFOAM/imported_exports/20260527_221600_945b79/raw/exports/pitch_7p5_baseline_chord.json,,,,,,compressible_forward_mrf,Not checked,
20260527_221600_945b79,pitch_8p0_baseline_chord,pitch_8p0_baseline_chord.stl,/home/erimozcan/OpenFOAM/erim-13/run/WFD_OpenFOAM/imported_exports/20260527_221600_945b79/raw/exports/pitch_8p0_baseline_chord.stl,/home/erimozcan/OpenFOAM/erim-13/run/WFD_OpenFOAM/imported_exports/20260527_221600_945b79/raw/exports/pitch_8p0_baseline_chord.json,,,,,,compressible_forward_mrf,Not checked,
20260527_221600_945b79,pitch_8p5_slim_chord,pitch_8p5_slim_chord.stl,/home/erimozcan/OpenFOAM/erim-13/run/WFD_OpenFOAM/imported_exports/20260527_221600_945b79/raw/exports/pitch_8p5_slim_chord.stl,/home/erimozcan/OpenFOAM/erim-13/run/WFD_OpenFOAM/imported_exports/20260527_221600_945b79/raw/exports/pitch_8p5_slim_chord.json,,,,,,compressible_forward_mrf,Not checked,
20260527_221600_945b79,pitch_8p5_wider_chord,pitch_8p5_wider_chord.stl,/home/erimozcan/OpenFOAM/erim-13/run/WFD_OpenFOAM/imported_exports/20260527_221600_945b79/raw/exports/pitch_8p5_wider_chord.stl,/home/erimozcan/OpenFOAM/erim-13/run/WFD_OpenFOAM/imported_exports/20260527_221600_945b79/raw/exports/pitch_8p5_wider_chord.json,,,,,,compressible_forward_mrf,Not checked,
20260527_221600_945b79,pitch_9p0_baseline_chord,pitch_9p0_baseline_chord.stl,/home/erimozcan/OpenFOAM/erim-13/run/WFD_OpenFOAM/imported_exports/20260527_221600_945b79/raw/exports/pitch_9p0_baseline_chord.stl,/home/erimozcan/OpenFOAM/erim-13/run/WFD_OpenFOAM/imported_exports/20260527_221600_945b79/raw/exports/pitch_9p0_baseline_chord.json,,,,,,compressible_forward_mrf,Not checked,
20260527_221600_945b79,pitch_9p0_slim_chord,pitch_9p0_slim_chord.stl,/home/erimozcan/OpenFOAM/erim-13/run/WFD_OpenFOAM/imported_exports/20260527_221600_945b79/raw/exports/pitch_9p0_slim_chord.stl,/home/erimozcan/OpenFOAM/erim-13/run/WFD_OpenFOAM/imported_exports/20260527_221600_945b79/raw/exports/pitch_9p0_slim_chord.json,,,,,,compressible_forward_mrf,Not checked,
20260527_221600_945b79,pitch_9p0_wider_chord,pitch_9p0_wider_chord.stl,/home/erimozcan/OpenFOAM/erim-13/run/WFD_OpenFOAM/imported_exports/20260527_221600_945b79/raw/exports/pitch_9p0_wider_chord.stl,/home/erimozcan/OpenFOAM/erim-13/run/WFD_OpenFOAM/imported_exports/20260527_221600_945b79/raw/exports/pitch_9p0_wider_chord.json,,,,,,compressible_forward_mrf,Not checked,
