batch_id,variant_id,original_stl_filename,imported_stl_path,case_local_stl_path,json_metadata_path,solver_mode,mesh_profile,rpm,global_rpm,Vinf_mph,global_Vinf_mph,Vinf_mps,global_Vinf_mps,Tinf_K,pinf_Pa,thrust_N_mean,thrust_N_std,shaft_torque_Nm_mean,shaft_torque_Nm_std,power_W_mean,eta_mean,advance_ratio_J,CT,CQ,CP,freestream_Mach,tip_speed_mps,helical_tip_Mach,force_sample_count,averaging_method,runtime_seconds,solver_status,geometry_sanity_status,warning_flags,case_path,log_path
20260528_104510_fa7b09,baseline_pitch_8p5_chord_0p4_0p6_0p25,baseline_pitch_8p5_chord_0p4_0p6_0p25.stl,/home/erimozcan/OpenFOAM/erim-13/run/WFD_OpenFOAM/imported_exports/20260528_104510_fa7b09/raw/exports/baseline_pitch_8p5_chord_0p4_0p6_0p25.stl,/home/erimozcan/OpenFOAM/erim-13/run/WFD_OpenFOAM/cases/batch_20260528_104510_fa7b09/baseline_pitch_8p5_chord_0p4_0p6_0p25/constant/triSurface/baseline_pitch_8p5_chord_0p4_0p6_0p25.stl,/home/erimozcan/OpenFOAM/erim-13/run/WFD_OpenFOAM/imported_exports/20260528_104510_fa7b09/raw/exports/baseline_pitch_8p5_chord_0p4_0p6_0p25.json,compressible_forward_mrf,production_high_resolution,10000.0,10000.0,300.0,300.0,134.112,134.112,288.15,101325.0,,,,,,,5.28,,,,0.3941425853542828,79.79645340118076,0.4586342003733217,0,last_100_force_samples,0.0,failed,Not checked,SOLVER_FATAL,/home/erimozcan/OpenFOAM/erim-13/run/WFD_OpenFOAM/cases/batch_20260528_104510_fa7b09/baseline_pitch_8p5_chord_0p4_0p6_0p25,/home/erimozcan/OpenFOAM/erim-13/run/WFD_OpenFOAM/cases/batch_20260528_104510_fa7b09/baseline_pitch_8p5_chord_0p4_0p6_0p25/log.rhoPimpleFoam
20260528_104510_fa7b09,pitch_10p0_slim_chord,pitch_10p0_slim_chord.stl,/home/erimozcan/OpenFOAM/erim-13/run/WFD_OpenFOAM/imported_exports/20260528_104510_fa7b09/raw/exports/pitch_10p0_slim_chord.stl,/home/erimozcan/OpenFOAM/erim-13/run/WFD_OpenFOAM/cases/batch_20260528_104510_fa7b09/pitch_10p0_slim_chord/constant/triSurface/pitch_10p0_slim_chord.stl,/home/erimozcan/OpenFOAM/erim-13/run/WFD_OpenFOAM/imported_exports/20260528_104510_fa7b09/raw/exports/pitch_10p0_slim_chord.json,compressible_forward_mrf,production_high_resolution,10000.0,10000.0,300.0,300.0,134.112,134.112,288.15,101325.0,,,,,,,5.28,,,,0.3941425853542828,79.79645340118076,0.4586342003733217,0,last_100_force_samples,0.0,failed,Not checked,SOLVER_FATAL,/home/erimozcan/OpenFOAM/erim-13/run/WFD_OpenFOAM/cases/batch_20260528_104510_fa7b09/pitch_10p0_slim_chord,/home/erimozcan/OpenFOAM/erim-13/run/WFD_OpenFOAM/cases/batch_20260528_104510_fa7b09/pitch_10p0_slim_chord/log.rhoPimpleFoam
20260528_104510_fa7b09,pitch_7p5_baseline_chord,pitch_7p5_baseline_chord.stl,/home/erimozcan/OpenFOAM/erim-13/run/WFD_OpenFOAM/imported_exports/20260528_104510_fa7b09/raw/exports/pitch_7p5_baseline_chord.stl,/home/erimozcan/OpenFOAM/erim-13/run/WFD_OpenFOAM/cases/batch_20260528_104510_fa7b09/pitch_7p5_baseline_chord/constant/triSurface/pitch_7p5_baseline_chord.stl,/home/erimozcan/OpenFOAM/erim-13/run/WFD_OpenFOAM/imported_exports/20260528_104510_fa7b09/raw/exports/pitch_7p5_baseline_chord.json,compressible_forward_mrf,production_high_resolution,10000.0,10000.0,300.0,300.0,134.112,134.112,288.15,101325.0,,,,,,,5.28,,,,0.3941425853542828,79.79645340118076,0.4586342003733217,0,last_100_force_samples,0.0,failed,Not checked,SOLVER_FATAL,/home/erimozcan/OpenFOAM/erim-13/run/WFD_OpenFOAM/cases/batch_20260528_104510_fa7b09/pitch_7p5_baseline_chord,/home/erimozcan/OpenFOAM/erim-13/run/WFD_OpenFOAM/cases/batch_20260528_104510_fa7b09/pitch_7p5_baseline_chord/log.rhoPimpleFoam
20260528_104510_fa7b09,pitch_8p0_baseline_chord,pitch_8p0_baseline_chord.stl,/home/erimozcan/OpenFOAM/erim-13/run/WFD_OpenFOAM/imported_exports/20260528_104510_fa7b09/raw/exports/pitch_8p0_baseline_chord.stl,/home/erimozcan/OpenFOAM/erim-13/run/WFD_OpenFOAM/cases/batch_20260528_104510_fa7b09/pitch_8p0_baseline_chord/constant/triSurface/pitch_8p0_baseline_chord.stl,/home/erimozcan/OpenFOAM/erim-13/run/WFD_OpenFOAM/imported_exports/20260528_104510_fa7b09/raw/exports/pitch_8p0_baseline_chord.json,compressible_forward_mrf,production_high_resolution,10000.0,10000.0,300.0,300.0,134.112,134.112,288.15,101325.0,,,,,,,5.28,,,,0.3941425853542828,79.79645340118076,0.4586342003733217,0,last_100_force_samples,0.0,failed,Not checked,SOLVER_FATAL,/home/erimozcan/OpenFOAM/erim-13/run/WFD_OpenFOAM/cases/batch_20260528_104510_fa7b09/pitch_8p0_baseline_chord,/home/erimozcan/OpenFOAM/erim-13/run/WFD_OpenFOAM/cases/batch_20260528_104510_fa7b09/pitch_8p0_baseline_chord/log.rhoPimpleFoam
20260528_104510_fa7b09,pitch_8p5_slim_chord,pitch_8p5_slim_chord.stl,/home/erimozcan/OpenFOAM/erim-13/run/WFD_OpenFOAM/imported_exports/20260528_104510_fa7b09/raw/exports/pitch_8p5_slim_chord.stl,/home/erimozcan/OpenFOAM/erim-13/run/WFD_OpenFOAM/cases/batch_20260528_104510_fa7b09/pitch_8p5_slim_chord/constant/triSurface/pitch_8p5_slim_chord.stl,/home/erimozcan/OpenFOAM/erim-13/run/WFD_OpenFOAM/imported_exports/20260528_104510_fa7b09/raw/exports/pitch_8p5_slim_chord.json,compressible_forward_mrf,production_high_resolution,10000.0,10000.0,300.0,300.0,134.112,134.112,288.15,101325.0,,,,,,,5.28,,,,0.3941425853542828,79.79645340118076,0.4586342003733217,0,last_100_force_samples,0.0,failed,Not checked,SOLVER_FATAL,/home/erimozcan/OpenFOAM/erim-13/run/WFD_OpenFOAM/cases/batch_20260528_104510_fa7b09/pitch_8p5_slim_chord,/home/erimozcan/OpenFOAM/erim-13/run/WFD_OpenFOAM/cases/batch_20260528_104510_fa7b09/pitch_8p5_slim_chord/log.rhoPimpleFoam
20260528_104510_fa7b09,pitch_8p5_wider_chord,pitch_8p5_wider_chord.stl,/home/erimozcan/OpenFOAM/erim-13/run/WFD_OpenFOAM/imported_exports/20260528_104510_fa7b09/raw/exports/pitch_8p5_wider_chord.stl,/home/erimozcan/OpenFOAM/erim-13/run/WFD_OpenFOAM/cases/batch_20260528_104510_fa7b09/pitch_8p5_wider_chord/constant/triSurface/pitch_8p5_wider_chord.stl,/home/erimozcan/OpenFOAM/erim-13/run/WFD_OpenFOAM/imported_exports/20260528_104510_fa7b09/raw/exports/pitch_8p5_wider_chord.json,compressible_forward_mrf,production_high_resolution,10000.0,10000.0,300.0,300.0,134.112,134.112,288.15,101325.0,,,,,,,5.28,,,,0.3941425853542828,79.79645340118076,0.4586342003733217,0,last_100_force_samples,0.0,failed,Not checked,SOLVER_FATAL,/home/erimozcan/OpenFOAM/erim-13/run/WFD_OpenFOAM/cases/batch_20260528_104510_fa7b09/pitch_8p5_wider_chord,/home/erimozcan/OpenFOAM/erim-13/run/WFD_OpenFOAM/cases/batch_20260528_104510_fa7b09/pitch_8p5_wider_chord/log.rhoPimpleFoam
20260528_104510_fa7b09,pitch_9p0_baseline_chord,pitch_9p0_baseline_chord.stl,/home/erimozcan/OpenFOAM/erim-13/run/WFD_OpenFOAM/imported_exports/20260528_104510_fa7b09/raw/exports/pitch_9p0_baseline_chord.stl,/home/erimozcan/OpenFOAM/erim-13/run/WFD_OpenFOAM/cases/batch_20260528_104510_fa7b09/pitch_9p0_baseline_chord/constant/triSurface/pitch_9p0_baseline_chord.stl,/home/erimozcan/OpenFOAM/erim-13/run/WFD_OpenFOAM/imported_exports/20260528_104510_fa7b09/raw/exports/pitch_9p0_baseline_chord.json,compressible_forward_mrf,production_high_resolution,10000.0,10000.0,300.0,300.0,134.112,134.112,288.15,101325.0,,,,,,,5.28,,,,0.3941425853542828,79.79645340118076,0.4586342003733217,0,last_100_force_samples,0.0,failed,Not checked,SOLVER_FATAL,/home/erimozcan/OpenFOAM/erim-13/run/WFD_OpenFOAM/cases/batch_20260528_104510_fa7b09/pitch_9p0_baseline_chord,/home/erimozcan/OpenFOAM/erim-13/run/WFD_OpenFOAM/cases/batch_20260528_104510_fa7b09/pitch_9p0_baseline_chord/log.rhoPimpleFoam
20260528_104510_fa7b09,pitch_9p0_slim_chord,pitch_9p0_slim_chord.stl,/home/erimozcan/OpenFOAM/erim-13/run/WFD_OpenFOAM/imported_exports/20260528_104510_fa7b09/raw/exports/pitch_9p0_slim_chord.stl,/home/erimozcan/OpenFOAM/erim-13/run/WFD_OpenFOAM/cases/batch_20260528_104510_fa7b09/pitch_9p0_slim_chord/constant/triSurface/pitch_9p0_slim_chord.stl,/home/erimozcan/OpenFOAM/erim-13/run/WFD_OpenFOAM/imported_exports/20260528_104510_fa7b09/raw/exports/pitch_9p0_slim_chord.json,compressible_forward_mrf,production_high_resolution,10000.0,10000.0,300.0,300.0,134.112,134.112,288.15,101325.0,,,,,,,5.28,,,,0.3941425853542828,79.79645340118076,0.4586342003733217,0,last_100_force_samples,0.0,failed,Not checked,SOLVER_FATAL,/home/erimozcan/OpenFOAM/erim-13/run/WFD_OpenFOAM/cases/batch_20260528_104510_fa7b09/pitch_9p0_slim_chord,/home/erimozcan/OpenFOAM/erim-13/run/WFD_OpenFOAM/cases/batch_20260528_104510_fa7b09/pitch_9p0_slim_chord/log.rhoPimpleFoam
20260528_104510_fa7b09,pitch_9p0_wider_chord,pitch_9p0_wider_chord.stl,/home/erimozcan/OpenFOAM/erim-13/run/WFD_OpenFOAM/imported_exports/20260528_104510_fa7b09/raw/exports/pitch_9p0_wider_chord.stl,/home/erimozcan/OpenFOAM/erim-13/run/WFD_OpenFOAM/cases/batch_20260528_104510_fa7b09/pitch_9p0_wider_chord/constant/triSurface/pitch_9p0_wider_chord.stl,/home/erimozcan/OpenFOAM/erim-13/run/WFD_OpenFOAM/imported_exports/20260528_104510_fa7b09/raw/exports/pitch_9p0_wider_chord.json,compressible_forward_mrf,production_high_resolution,10000.0,10000.0,300.0,300.0,134.112,134.112,288.15,101325.0,,,,,,,5.28,,,,0.3941425853542828,79.79645340118076,0.4586342003733217,0,last_100_force_samples,0.0,failed,Not checked,SOLVER_FATAL,/home/erimozcan/OpenFOAM/erim-13/run/WFD_OpenFOAM/cases/batch_20260528_104510_fa7b09/pitch_9p0_wider_chord,/home/erimozcan/OpenFOAM/erim-13/run/WFD_OpenFOAM/cases/batch_20260528_104510_fa7b09/pitch_9p0_wider_chord/log.rhoPimpleFoam
