batch_id,variant_id,stl_source_mode,original_stl_path,original_stl_filename,imported_stl_path,json_metadata_path,case_triSurface_stl_path,snappy_references_case_stl,rpm,global_rpm,Vinf_mph,global_Vinf_mph,Vinf_mps,global_Vinf_mps,Tinf_K,pinf_Pa,solver_mode,geometry_sanity_status,warning_flags
20260528_104510_fa7b09,baseline_pitch_8p5_chord_0p4_0p6_0p25,imported_batch,/home/erimozcan/OpenFOAM/erim-13/run/WFD_OpenFOAM/imported_exports/20260528_104510_fa7b09/raw/exports/baseline_pitch_8p5_chord_0p4_0p6_0p25.stl,baseline_pitch_8p5_chord_0p4_0p6_0p25.stl,/home/erimozcan/OpenFOAM/erim-13/run/WFD_OpenFOAM/imported_exports/20260528_104510_fa7b09/raw/exports/baseline_pitch_8p5_chord_0p4_0p6_0p25.stl,/home/erimozcan/OpenFOAM/erim-13/run/WFD_OpenFOAM/imported_exports/20260528_104510_fa7b09/raw/exports/baseline_pitch_8p5_chord_0p4_0p6_0p25.json,/home/erimozcan/OpenFOAM/erim-13/run/WFD_OpenFOAM/cases/batch_20260528_104510_fa7b09/baseline_pitch_8p5_chord_0p4_0p6_0p25/constant/triSurface/baseline_pitch_8p5_chord_0p4_0p6_0p25.stl,True,10000.0,10000.0,300.0,300.0,134.112,134.112,288.15,101325.0,compressible_forward_mrf,Not checked,
20260528_104510_fa7b09,pitch_10p0_slim_chord,imported_batch,/home/erimozcan/OpenFOAM/erim-13/run/WFD_OpenFOAM/imported_exports/20260528_104510_fa7b09/raw/exports/pitch_10p0_slim_chord.stl,pitch_10p0_slim_chord.stl,/home/erimozcan/OpenFOAM/erim-13/run/WFD_OpenFOAM/imported_exports/20260528_104510_fa7b09/raw/exports/pitch_10p0_slim_chord.stl,/home/erimozcan/OpenFOAM/erim-13/run/WFD_OpenFOAM/imported_exports/20260528_104510_fa7b09/raw/exports/pitch_10p0_slim_chord.json,/home/erimozcan/OpenFOAM/erim-13/run/WFD_OpenFOAM/cases/batch_20260528_104510_fa7b09/pitch_10p0_slim_chord/constant/triSurface/pitch_10p0_slim_chord.stl,True,10000.0,10000.0,300.0,300.0,134.112,134.112,288.15,101325.0,compressible_forward_mrf,Not checked,
20260528_104510_fa7b09,pitch_7p5_baseline_chord,imported_batch,/home/erimozcan/OpenFOAM/erim-13/run/WFD_OpenFOAM/imported_exports/20260528_104510_fa7b09/raw/exports/pitch_7p5_baseline_chord.stl,pitch_7p5_baseline_chord.stl,/home/erimozcan/OpenFOAM/erim-13/run/WFD_OpenFOAM/imported_exports/20260528_104510_fa7b09/raw/exports/pitch_7p5_baseline_chord.stl,/home/erimozcan/OpenFOAM/erim-13/run/WFD_OpenFOAM/imported_exports/20260528_104510_fa7b09/raw/exports/pitch_7p5_baseline_chord.json,/home/erimozcan/OpenFOAM/erim-13/run/WFD_OpenFOAM/cases/batch_20260528_104510_fa7b09/pitch_7p5_baseline_chord/constant/triSurface/pitch_7p5_baseline_chord.stl,True,10000.0,10000.0,300.0,300.0,134.112,134.112,288.15,101325.0,compressible_forward_mrf,Not checked,
20260528_104510_fa7b09,pitch_8p0_baseline_chord,imported_batch,/home/erimozcan/OpenFOAM/erim-13/run/WFD_OpenFOAM/imported_exports/20260528_104510_fa7b09/raw/exports/pitch_8p0_baseline_chord.stl,pitch_8p0_baseline_chord.stl,/home/erimozcan/OpenFOAM/erim-13/run/WFD_OpenFOAM/imported_exports/20260528_104510_fa7b09/raw/exports/pitch_8p0_baseline_chord.stl,/home/erimozcan/OpenFOAM/erim-13/run/WFD_OpenFOAM/imported_exports/20260528_104510_fa7b09/raw/exports/pitch_8p0_baseline_chord.json,/home/erimozcan/OpenFOAM/erim-13/run/WFD_OpenFOAM/cases/batch_20260528_104510_fa7b09/pitch_8p0_baseline_chord/constant/triSurface/pitch_8p0_baseline_chord.stl,True,10000.0,10000.0,300.0,300.0,134.112,134.112,288.15,101325.0,compressible_forward_mrf,Not checked,
20260528_104510_fa7b09,pitch_8p5_slim_chord,imported_batch,/home/erimozcan/OpenFOAM/erim-13/run/WFD_OpenFOAM/imported_exports/20260528_104510_fa7b09/raw/exports/pitch_8p5_slim_chord.stl,pitch_8p5_slim_chord.stl,/home/erimozcan/OpenFOAM/erim-13/run/WFD_OpenFOAM/imported_exports/20260528_104510_fa7b09/raw/exports/pitch_8p5_slim_chord.stl,/home/erimozcan/OpenFOAM/erim-13/run/WFD_OpenFOAM/imported_exports/20260528_104510_fa7b09/raw/exports/pitch_8p5_slim_chord.json,/home/erimozcan/OpenFOAM/erim-13/run/WFD_OpenFOAM/cases/batch_20260528_104510_fa7b09/pitch_8p5_slim_chord/constant/triSurface/pitch_8p5_slim_chord.stl,True,10000.0,10000.0,300.0,300.0,134.112,134.112,288.15,101325.0,compressible_forward_mrf,Not checked,
20260528_104510_fa7b09,pitch_8p5_wider_chord,imported_batch,/home/erimozcan/OpenFOAM/erim-13/run/WFD_OpenFOAM/imported_exports/20260528_104510_fa7b09/raw/exports/pitch_8p5_wider_chord.stl,pitch_8p5_wider_chord.stl,/home/erimozcan/OpenFOAM/erim-13/run/WFD_OpenFOAM/imported_exports/20260528_104510_fa7b09/raw/exports/pitch_8p5_wider_chord.stl,/home/erimozcan/OpenFOAM/erim-13/run/WFD_OpenFOAM/imported_exports/20260528_104510_fa7b09/raw/exports/pitch_8p5_wider_chord.json,/home/erimozcan/OpenFOAM/erim-13/run/WFD_OpenFOAM/cases/batch_20260528_104510_fa7b09/pitch_8p5_wider_chord/constant/triSurface/pitch_8p5_wider_chord.stl,True,10000.0,10000.0,300.0,300.0,134.112,134.112,288.15,101325.0,compressible_forward_mrf,Not checked,
20260528_104510_fa7b09,pitch_9p0_baseline_chord,imported_batch,/home/erimozcan/OpenFOAM/erim-13/run/WFD_OpenFOAM/imported_exports/20260528_104510_fa7b09/raw/exports/pitch_9p0_baseline_chord.stl,pitch_9p0_baseline_chord.stl,/home/erimozcan/OpenFOAM/erim-13/run/WFD_OpenFOAM/imported_exports/20260528_104510_fa7b09/raw/exports/pitch_9p0_baseline_chord.stl,/home/erimozcan/OpenFOAM/erim-13/run/WFD_OpenFOAM/imported_exports/20260528_104510_fa7b09/raw/exports/pitch_9p0_baseline_chord.json,/home/erimozcan/OpenFOAM/erim-13/run/WFD_OpenFOAM/cases/batch_20260528_104510_fa7b09/pitch_9p0_baseline_chord/constant/triSurface/pitch_9p0_baseline_chord.stl,True,10000.0,10000.0,300.0,300.0,134.112,134.112,288.15,101325.0,compressible_forward_mrf,Not checked,
20260528_104510_fa7b09,pitch_9p0_slim_chord,imported_batch,/home/erimozcan/OpenFOAM/erim-13/run/WFD_OpenFOAM/imported_exports/20260528_104510_fa7b09/raw/exports/pitch_9p0_slim_chord.stl,pitch_9p0_slim_chord.stl,/home/erimozcan/OpenFOAM/erim-13/run/WFD_OpenFOAM/imported_exports/20260528_104510_fa7b09/raw/exports/pitch_9p0_slim_chord.stl,/home/erimozcan/OpenFOAM/erim-13/run/WFD_OpenFOAM/imported_exports/20260528_104510_fa7b09/raw/exports/pitch_9p0_slim_chord.json,/home/erimozcan/OpenFOAM/erim-13/run/WFD_OpenFOAM/cases/batch_20260528_104510_fa7b09/pitch_9p0_slim_chord/constant/triSurface/pitch_9p0_slim_chord.stl,True,10000.0,10000.0,300.0,300.0,134.112,134.112,288.15,101325.0,compressible_forward_mrf,Not checked,
20260528_104510_fa7b09,pitch_9p0_wider_chord,imported_batch,/home/erimozcan/OpenFOAM/erim-13/run/WFD_OpenFOAM/imported_exports/20260528_104510_fa7b09/raw/exports/pitch_9p0_wider_chord.stl,pitch_9p0_wider_chord.stl,/home/erimozcan/OpenFOAM/erim-13/run/WFD_OpenFOAM/imported_exports/20260528_104510_fa7b09/raw/exports/pitch_9p0_wider_chord.stl,/home/erimozcan/OpenFOAM/erim-13/run/WFD_OpenFOAM/imported_exports/20260528_104510_fa7b09/raw/exports/pitch_9p0_wider_chord.json,/home/erimozcan/OpenFOAM/erim-13/run/WFD_OpenFOAM/cases/batch_20260528_104510_fa7b09/pitch_9p0_wider_chord/constant/triSurface/pitch_9p0_wider_chord.stl,True,10000.0,10000.0,300.0,300.0,134.112,134.112,288.15,101325.0,compressible_forward_mrf,Not checked,
